serial_timesteps,policy_entropy,approxkl,ep_len_mean,ep_reward_mean,policy_loss,n_updates,total_timesteps,clipfrac,value_loss,fps,explained_variance,time_elapsed
32,0.6888505,0.004579247,18.857142857142858,18.857142857142858,-0.008388652,1,256,0.050976563,6.8929114,1028,0.029273390769958496,8.821487426757812e-06
64,0.6869112,0.0004220546,20.764705882352942,20.764705882352942,-0.00095626386,2,512,0.0001953125,6.7889547,5512,0.012568295001983643,0.24918699264526367
96,0.6571709,0.008728838,23.846153846153847,23.846153846153847,-0.014711787,3,768,0.097070314,6.173092,5804,-0.03128373622894287,0.29588985443115234
128,0.63923186,0.004317301,26.3125,26.3125,-0.008730227,4,1024,0.04921875,6.4481645,5808,0.013140976428985596,0.34027695655822754
160,0.6464615,0.002047612,27.457142857142856,27.457142857142856,-0.00569022,5,1280,0.020898437,6.8680563,5913,0.010605871677398682,0.3846268653869629
192,0.6139623,0.0054715322,32.41025641025641,32.41025641025641,-0.010910873,6,1536,0.04863281,6.540679,6269,-0.03997766971588135,0.4281809329986572
224,0.5799438,0.0089252675,33.225,33.225,-0.006734242,7,1792,0.08164062,6.8893967,6056,0.06257998943328857,0.4692721366882324
256,0.5955964,0.002974955,33.225,33.225,-0.0026151119,8,2048,0.028710937,6.8629327,5715,0.06957024335861206,0.5118808746337891
288,0.57901657,0.008898328,35.8780487804878,35.8780487804878,-0.009660713,9,2304,0.111328125,6.2979555,5875,0.316312313079834,0.556959867477417
320,0.55774677,0.0075221495,40.372093023255815,40.372093023255815,-0.0064079324,10,2560,0.11328125,6.092339,4862,0.5128989815711975,0.6008388996124268
352,0.5316717,0.0041406956,47.41304347826087,47.41304347826087,-0.0048184264,11,2816,0.0390625,5.681646,4142,0.04032111167907715,0.6538980007171631
384,0.5304342,0.0029881222,52.104166666666664,52.104166666666664,-0.0017055873,12,3072,0.03125,6.0604734,6287,-0.004905223846435547,0.7160377502441406
416,0.4937749,0.013707253,56.46,56.46,-0.0018190958,13,3328,0.14707032,5.3872476,6646,0.1953546404838562,0.7570159435272217
448,0.5354645,0.0018098649,56.46,56.46,-0.00089710404,14,3584,0.0171875,5.6344333,6073,0.23676663637161255,0.795813798904419
480,0.5705503,0.0039171325,58.254901960784316,58.254901960784316,-0.008131361,15,3840,0.053515624,5.2766967,6362,0.2581947445869446,0.838249921798706
512,0.56608653,0.0029423698,62.60377358490566,62.60377358490566,-0.00092611945,16,4096,0.016601562,4.9390473,6654,0.3940654993057251,0.8787729740142822
544,0.51724637,0.008745696,62.60377358490566,62.60377358490566,-0.0052838055,17,4352,0.116601564,4.884539,6275,0.47961825132369995,0.9175608158111572
576,0.5252272,0.0047759307,65.10909090909091,65.10909090909091,-0.0020789183,18,4608,0.06171875,4.9561477,6475,0.22888165712356567,0.9586880207061768
608,0.50451064,0.009694187,65.10909090909091,65.10909090909091,-0.013417278,19,4864,0.15703125,4.5465803,6572,0.11059451103210449,0.9984898567199707
640,0.540865,0.005813643,67.78571428571429,67.78571428571429,-0.0033196032,20,5120,0.097070314,4.553434,6153,0.15743499994277954,1.0376996994018555
672,0.5465587,0.0017508136,72.21666666666667,72.21666666666667,-0.0029218602,21,5376,0.015429688,5.412764,6274,0.21901261806488037,1.079582929611206
704,0.4964227,0.0028280017,75.08064516129032,75.08064516129032,-0.0014116861,22,5632,0.034375,4.869683,6680,0.15011638402938843,1.1206738948822021
736,0.52191633,0.0027277488,78.76923076923077,78.76923076923077,-0.00423716,23,5888,0.033203125,4.961816,6258,0.24344205856323242,1.159303903579712
768,0.51995546,0.00443188,84.42857142857143,84.42857142857143,-0.0055734003,24,6144,0.07773437,5.378432,6221,0.38085639476776123,1.2004778385162354
800,0.47405496,0.0038880177,83.91549295774648,83.91549295774648,-0.0042165006,25,6400,0.04921875,4.2239327,6368,0.1942254900932312,1.2419469356536865
832,0.49371153,0.0034392916,84.86486486486487,84.86486486486487,-0.0092552155,26,6656,0.0546875,4.438945,6225,0.514762669801712,1.2824509143829346
864,0.48860902,0.017012034,84.29333333333334,84.29333333333334,-0.007028344,27,6912,0.23164062,4.133601,6409,0.1822947859764099,1.3239569664001465
896,0.5175437,0.010943139,86.35443037974683,86.35443037974683,-0.0007803148,28,7168,0.13652344,4.643788,6673,0.4959679841995239,1.3641738891601562
928,0.5069883,0.02249026,86.35443037974683,86.35443037974683,0.00072042074,29,7424,0.22871093,3.1130786,6341,0.8501582592725754,1.4028069972991943
960,0.49796003,0.003950053,88.14634146341463,88.14634146341463,-0.0056328275,30,7680,0.055664062,4.4474115,6207,0.5249750912189484,1.4434778690338135
992,0.44308823,0.0068697603,88.44578313253012,88.44578313253012,-0.0074683474,31,7936,0.075,3.2937553,6307,0.5879991054534912,1.4850139617919922
1024,0.45984465,0.0020080097,89.77906976744185,89.77906976744185,-0.00381362,32,8192,0.034765624,3.89729,5998,0.6577232778072357,1.525892734527588
1056,0.4717204,0.0033353842,90.34482758620689,90.34482758620689,-0.0028766156,33,8448,0.0515625,2.97049,6133,0.7535598129034042,1.5688669681549072
1088,0.4707056,0.0030177734,91.07865168539325,91.07865168539325,-0.0059844633,34,8704,0.04921875,3.3830307,6665,0.7275654971599579,1.6108736991882324
1120,0.48451823,0.010040013,92.1978021978022,92.1978021978022,-0.011027617,35,8960,0.13007812,2.8326154,6296,0.7935712337493896,1.6495370864868164
1152,0.4818415,0.0025324773,92.98924731182795,92.98924731182795,-0.0027850296,36,9216,0.039648436,2.754393,6454,0.8099993020296097,1.6905288696289062
1184,0.48165983,0.001712767,94.08421052631579,94.08421052631579,-0.002189799,37,9472,0.023046875,2.68335,6596,0.8345608711242676,1.73046875
1216,0.4891542,0.0021168697,94.52083333333333,94.52083333333333,-0.0056067863,38,9728,0.0359375,2.2101972,6240,0.8731322884559631,1.7695417404174805
1248,0.51474994,0.0058640484,95.8061224489796,95.8061224489796,-0.0085300375,39,9984,0.10898437,2.5287175,6073,0.8613638132810593,1.810863733291626
1280,0.5216445,0.0038991813,96.97,96.97,-0.0050670058,40,10240,0.0734375,2.4028392,76,0.8830375596880913,1.853322982788086
1312,0.5150714,0.0034307763,98.23,98.23,-0.0061216746,41,10496,0.06113281,1.8175125,5562,0.9000990837812424,5.190414905548096
1344,0.54444885,0.002173123,99.36,99.36,0.003253265,42,10752,0.01796875,1.6172855,5627,0.9337361454963684,5.236731767654419
1376,0.5351769,0.008515708,102.47,102.47,-0.0064673186,43,11008,0.15585938,1.9186325,6217,0.9444227702915668,5.282514810562134
1408,0.5396454,0.005297023,104.36,104.36,-0.008528596,44,11264,0.096875,1.6104994,5788,0.922615721821785,5.324014902114868
1440,0.55136526,0.0027953417,106.01,106.01,-0.0035972423,45,11520,0.04941406,1.4885656,6097,0.9652338735759258,5.368697881698608
1472,0.5140635,0.001966549,110.83,110.83,-0.005288235,46,11776,0.023242187,5.005848,5974,0.7507373839616776,5.410968065261841
1504,0.5494352,0.0031832687,110.83,110.83,-0.007775204,47,12032,0.064453125,0.8956664,6065,0.985088394023478,5.45413875579834
1536,0.5543643,0.0054283594,114.0,114.0,-0.0014485923,48,12288,0.078710936,1.2026693,3768,0.9725336786359549,5.4966888427734375
1568,0.55205286,0.00019292874,118.12,118.12,-0.0008045419,49,12544,0.0,2.472405,5054,0.9126412272453308,5.5649940967559814
1600,0.56106144,0.00089784816,118.12,118.12,-0.00046299957,50,12800,0.00859375,0.9947654,4495,0.752688005566597,5.6159820556640625
1632,0.56003565,0.0038848855,119.33,119.33,-0.004818884,51,13056,0.06875,4.490289,3763,0.3833840489387512,5.673356056213379
1664,0.5733765,0.0017907049,122.93,122.93,-0.0034740232,52,13312,0.02109375,1.5875196,3963,0.9461984746158123,5.741739988327026
1696,0.5594975,0.0030051195,122.93,122.93,-0.0030875031,53,13568,0.04082031,0.7373706,4686,0.9020271152257919,5.80666971206665
1728,0.58609927,0.0027617898,122.93,122.93,-0.00056406145,54,13824,0.0234375,0.568205,6204,0.992107318714261,5.861603021621704
1760,0.5360113,0.002670161,126.12,126.12,-0.008734848,55,14080,0.028710937,3.8242176,5607,0.8143051117658615,5.903205871582031
1792,0.5466855,0.0018923363,130.45,130.45,-0.002669892,56,14336,0.025,1.072449,6172,0.9708626139909029,5.949182987213135
1824,0.54813206,0.005198085,132.52,132.52,-0.00918136,57,14592,0.10039063,4.3741884,6070,0.37449491024017334,5.990963935852051
1856,0.4994461,0.004957012,132.52,132.52,-0.0028590353,58,14848,0.075976565,0.5151589,5894,0.9538879096508026,6.033535003662109
1888,0.50108707,0.004812184,134.48,134.48,-0.010367488,59,15104,0.10527344,0.44923887,5467,0.9935294492170215,6.077308893203735
1920,0.5316654,0.0027156512,134.48,134.48,-0.004565114,60,15360,0.03769531,0.36823073,6379,0.9919826835393906,6.124459981918335
1952,0.5200726,0.006384154,136.89,136.89,-0.007365794,61,15616,0.14824219,0.38711286,5390,0.9978154872078449,6.164878845214844
1984,0.50254536,0.002603559,142.1,142.1,-0.0008947289,62,15872,0.03046875,0.42579746,5758,0.9981651946436614,6.2126898765563965
2016,0.4693881,0.0018051844,142.1,142.1,-0.0019887816,63,16128,0.028320312,0.38600647,5786,0.935962587594986,6.257472038269043
2048,0.49155742,0.005211055,142.1,142.1,-0.009297042,64,16384,0.10449219,0.29681474,6099,0.9754385910928249,6.302020788192749
2080,0.48486322,0.0074071446,142.1,142.1,-0.0018467273,65,16640,0.1671875,0.25671706,5920,0.9945114804431796,6.34436297416687
2112,0.4997832,0.007084676,144.94,144.94,-0.011757448,66,16896,0.16230468,0.56272143,5389,0.995073061902076,6.387916088104248
2144,0.46685228,0.004113733,144.94,144.94,-0.005211619,67,17152,0.073632814,1.1557586,6248,0.9790142439305782,6.4357359409332275
2176,0.47500855,0.0009252825,144.94,144.94,-0.00083489326,68,17408,0.0087890625,0.6556024,5755,0.9856418455019593,6.47702693939209
2208,0.48155075,0.00314453,144.94,144.94,-0.0065161907,69,17664,0.061914064,0.48334318,5846,0.9977352195419371,6.521808862686157
2240,0.4451891,0.015009448,151.89,151.89,0.0144325765,70,17920,0.24765626,0.89515764,5800,0.9863472823053598,6.56588077545166
2272,0.44068408,0.004254638,156.73,156.73,-0.004105641,71,18176,0.10195313,6.583052,6213,0.6718060970306396,6.6103270053863525
2304,0.43721336,0.0011972957,161.22,161.22,-0.00047359188,72,18432,0.019921875,5.380973,5995,0.5925577878952026,6.651887893676758
2336,0.41587266,0.000689184,161.22,161.22,-0.0014262497,73,18688,0.008007812,0.15786758,6206,0.9382272139191628,6.694905757904053
2368,0.40319428,0.0021385024,161.22,161.22,-0.0044024596,74,18944,0.044140626,0.124870375,6155,0.925799161195755,6.736486911773682
2400,0.39759883,0.0009952595,165.46,165.46,-0.0018172717,75,19200,0.011914062,8.16711,6050,0.11638683080673218,6.778375864028931
2432,0.41009387,0.004844901,170.06,170.06,-0.004113716,76,19456,0.07832031,9.1988,6123,0.0013622641563415527,6.82103705406189
2464,0.41654006,0.0032838255,170.06,170.06,-0.0062545217,77,19712,0.0703125,0.09372017,6137,0.5983033180236816,6.86314582824707
2496,0.425157,0.0034314946,174.61,174.61,-0.0056622215,78,19968,0.08164062,9.131086,6299,0.03123605251312256,6.905158758163452
2528,0.43582457,0.0051597757,174.61,174.61,-0.0059658866,79,20224,0.12714843,0.06973754,27,0.2546314001083374,6.946136713027954
2560,0.44397745,0.0015306021,174.61,174.61,-0.0016185818,80,20480,0.02421875,0.057756938,5969,0.2971581220626831,16.258697986602783
2592,0.4496173,0.0023835718,179.27,179.27,-0.0020090141,81,20736,0.039257813,9.680985,5627,0.011889338493347168,16.301896810531616
2624,0.45257434,0.002812094,179.27,179.27,-0.0072162757,82,20992,0.05546875,0.051320303,6053,0.007735788822174072,16.34769892692566
2656,0.46414772,0.0009066677,179.27,179.27,-0.0008197684,83,21248,0.012890625,0.036028937,6046,0.19450706243515015,16.390267848968506
2688,0.4712287,0.002632983,179.27,179.27,-0.0030719177,84,21504,0.050585937,0.028713364,6012,0.09527528285980225,16.432912826538086
2720,0.48541912,0.0024272124,183.25,183.25,-0.0018844679,85,21760,0.047070313,10.3398485,5693,-0.0034492015838623047,16.475831031799316
2752,0.49296132,0.0062340708,187.67,187.67,-0.006175483,86,22016,0.14746094,9.783636,5744,-0.0012555122375488281,16.521098852157593
2784,0.49503693,0.005965092,192.04,192.04,-0.001550439,87,22272,0.14648438,10.188746,5662,-0.003665328025817871,16.56596088409424
2816,0.49009076,0.0025574504,197.85,197.85,-0.0021164152,88,22528,0.048828125,20.115528,5840,-0.004513978958129883,16.61151099205017
2848,0.506483,0.0016752055,197.85,197.85,-0.002780049,89,22784,0.029882813,0.036201384,6154,0.11769646406173706,16.65562391281128
2880,0.5108066,0.002797753,201.43,201.43,-0.0028482021,90,23040,0.062109374,10.221029,6268,-0.00318300724029541,16.697519779205322
2912,0.48876,0.008355594,201.43,201.43,-0.013750498,91,23296,0.20136718,0.028132549,6363,0.2694728970527649,16.738691091537476
2944,0.51314706,0.0027889716,208.35,208.35,-0.0006647299,92,23552,0.06484375,20.505611,6338,0.0015980005264282227,16.77921199798584
2976,0.507692,0.0048816754,208.35,208.35,-0.008644625,93,23808,0.119335935,0.024417493,6208,0.2993362545967102,16.819939136505127
3008,0.49927282,0.0071541048,208.35,208.35,-0.008705951,94,24064,0.18769531,0.017265651,6323,0.1626550555229187,16.86146092414856
3040,0.46111646,0.023798348,208.35,208.35,-0.016250093,95,24320,0.30878907,0.015048632,6475,0.5102436244487762,16.90221905708313
3072,0.4818611,0.003204186,208.35,208.35,-0.005130527,96,24576,0.05234375,0.011050291,6499,0.001397848129272461,16.942020893096924
3104,0.537729,0.0067296056,211.76,211.76,-0.0061062975,97,24832,0.1830078,21.648832,6346,0.0027046799659729004,16.981674909591675
3136,0.51521087,0.0022471487,218.26,218.26,-0.004279664,98,25088,0.04765625,32.071156,6351,0.00706106424331665,17.022299766540527
3168,0.51431113,0.003341311,220.27,220.27,-0.0033875885,99,25344,0.07675781,10.4781065,6424,0.03898698091506958,17.062875747680664
3200,0.54955935,0.0016612863,220.25,220.25,-0.0021519773,100,25600,0.038476564,10.406081,6210,0.07431364059448242,17.10302209854126
3232,0.5547905,0.0022642608,221.43,221.43,-0.005378396,101,25856,0.046679687,8.058355,6260,0.0697028636932373,17.14457082748413
3264,0.54093754,0.030755088,221.43,221.43,-0.028029948,102,26112,0.50078124,0.0051686424,6577,0.8087669312953949,17.185730934143066
3296,0.5896019,0.014967452,221.43,221.43,-0.02572928,103,26368,0.3888672,0.00440629,6437,0.965248167514801,17.224955797195435
3328,0.61795884,0.0018963407,221.99,221.99,-0.0015559772,104,26624,0.033203125,9.896419,6460,0.16524428129196167,17.265023946762085
3360,0.5745349,0.0020851213,224.82,224.82,-0.0018587246,105,26880,0.034375,52.277336,6361,0.1419670581817627,17.30493187904358
3392,0.5099062,0.0015154891,223.51,223.51,-0.0044851652,106,27136,0.034960937,11.441964,6348,0.0010879039764404297,17.34548568725586
3424,0.58533907,0.002066378,225.4,225.4,-0.0028555687,107,27392,0.04863281,20.760777,6177,0.11006343364715576,17.38612198829651
3456,0.5345995,0.012321524,225.4,225.4,-0.011113124,108,27648,0.1908203,0.006205533,6248,0.9066142365336418,17.427884101867676
3488,0.5555325,0.0038970567,224.55,224.55,-0.005671784,109,27904,0.099804685,22.366215,6028,0.013638913631439209,17.469120979309082
3520,0.5842061,0.002442255,223.94,223.94,-0.0023984804,110,28160,0.055273436,18.890257,5667,0.22809863090515137,17.511866807937622
3552,0.5810765,0.00094440614,224.75,224.75,-0.0022095311,111,28416,0.019140625,9.410848,6098,0.25715184211730957,17.557328939437866
3584,0.5507897,0.0014379655,225.9,225.9,-0.0012295677,112,28672,0.03984375,19.87415,6054,0.11976444721221924,17.599589824676514
3616,0.5481571,0.0014569272,225.07,225.07,-0.0032590702,113,28928,0.030273438,30.085293,6082,0.18782711029052734,17.642181873321533
3648,0.5164088,0.024210041,225.07,225.07,-0.015750198,114,29184,0.384375,0.007266213,5592,0.8982522487640381,17.684562921524048
3680,0.5436717,0.0138398055,225.07,225.07,-0.019450901,115,29440,0.33515626,0.011591254,5915,0.9909636490046978,17.730756759643555
3712,0.58466387,0.0058320328,226.03,226.03,-0.006236064,116,29696,0.13925782,4.8747315,6249,0.4041474461555481,17.77432870864868
3744,0.54372334,0.0016750494,229.67,229.67,-0.0035117879,117,29952,0.026953125,57.719116,6213,0.356997549533844,17.815560817718506
3776,0.50355166,0.0055192495,229.67,229.67,-0.011620785,118,30208,0.13300781,0.0070510237,112,0.9932802468538284,17.857027769088745
3808,0.5507363,0.001656594,229.75,229.75,-0.0016867655,119,30464,0.024609376,8.72527,6010,0.36532026529312134,20.134053945541382
3840,0.5746268,0.0032595377,228.7,228.7,-0.0021929978,120,30720,0.111132815,32.76055,5922,0.3120489716529846,20.176931142807007
3872,0.5157935,0.0015957818,228.49,228.49,-0.0039970586,121,30976,0.04511719,13.35124,6098,0.5108106732368469,20.22044277191162
3904,0.52227294,0.004022404,228.7,228.7,-0.004231856,122,31232,0.14921875,8.057883,5928,0.4370575547218323,20.262746810913086
3936,0.545443,0.00093985844,228.52,228.52,-0.0015627978,123,31488,0.0048828125,7.984248,5955,0.42961472272872925,20.30622386932373
3968,0.54925835,0.003294764,227.73,227.73,-0.0049648522,124,31744,0.11074219,37.16889,5762,0.4283623695373535,20.34949493408203
4000,0.49031442,0.0042676283,227.42,227.42,-0.005299824,125,32000,0.061523438,6.2252364,6051,0.46162617206573486,20.39422106742859
4032,0.5083262,0.0010499886,226.27,226.27,-0.0056828,126,32256,0.012304688,17.992771,5741,0.2285977005958557,20.436826944351196
4064,0.5240191,0.0031107166,223.56,223.56,-0.0052701747,127,32512,0.08574219,41.027603,6025,0.3472597002983093,20.481693983078003
4096,0.5095631,0.0024916593,222.68,222.68,-0.0054891626,128,32768,0.07324219,12.757296,6207,0.6123746037483215,20.524468898773193
4128,0.49209076,0.004729575,218.29,218.29,0.00033509103,129,33024,0.13203125,37.44669,5955,0.23500895500183105,20.566020727157593
4160,0.51588386,0.0024547954,217.77,217.77,-0.002070425,130,33280,0.08222656,6.513472,4966,0.69151172041893,20.609432697296143
4192,0.5283801,0.0021068174,216.31,216.31,-0.0042331116,131,33536,0.062304687,12.007887,5050,0.53481525182724,20.6613187789917
4224,0.5631239,0.0048848754,216.02,216.02,-0.0077485843,132,33792,0.17851563,6.4749117,5466,0.5938379764556885,20.712311029434204
4256,0.5644727,0.0013893258,215.58,215.58,-0.0029828653,133,34048,0.026171874,13.174643,5892,0.5196756422519684,20.759460926055908
4288,0.5220128,0.00086029246,214.03,214.03,-0.001715805,134,34304,0.0072265626,17.769966,5164,0.49701106548309326,20.803253889083862
4320,0.49752292,0.0028192569,212.34,212.34,-0.0038067661,135,34560,0.10507812,12.183169,6147,0.5139602720737457,20.853140830993652
4352,0.5629258,0.0028489989,211.59,211.59,-0.0033838116,136,34816,0.102148436,7.9669228,6288,0.4831204414367676,20.895081996917725
4384,0.55423194,0.0003344201,208.05,208.05,0.00037756897,137,35072,0.0,18.923954,5740,0.5487042963504791,20.936092853546143
4416,0.53797436,0.0022597222,206.78,206.78,-0.0048162807,138,35328,0.0859375,2.6273634,5494,0.7307262420654297,20.98104190826416
4448,0.5404291,0.0008933494,203.82,203.82,-0.0019673526,139,35584,0.018164063,12.642344,5901,0.5867898464202881,21.02792191505432
4480,0.5200342,0.0005743463,201.18,201.18,-0.0027260226,140,35840,0.0146484375,11.463942,6166,0.4420311450958252,21.07161593437195
4512,0.59693545,0.0036757297,201.18,201.18,-0.0043277703,141,36096,0.09003906,0.017996032,5851,0.9871632130816579,21.113431930541992
4544,0.57052696,0.0016116863,193.52,193.52,-0.0033203796,142,36352,0.0328125,17.896473,5683,0.38795149326324463,21.15747094154358
4576,0.5290492,0.0017251465,190.14,190.14,-0.003952565,143,36608,0.07382812,6.632393,5258,0.43581444025039673,21.20288372039795
4608,0.565524,0.0012852415,186.79,186.79,-0.0044115866,144,36864,0.017382812,6.880174,6029,0.59189772605896,21.251874923706055
4640,0.5514473,9.854947e-05,176.27,176.27,0.00020203483,145,37120,0.0,21.764158,5631,0.41851723194122314,21.294636964797974
4672,0.5137413,0.00057174347,169.5,169.5,-0.0017173995,146,37376,0.01328125,11.932913,5291,0.3262328505516052,21.3404278755188
4704,0.5539584,0.00017322782,166.16,166.16,-0.0010181734,147,37632,0.0015625,8.146914,4518,0.4023738503456116,21.389228105545044
4736,0.56556094,0.0021406878,162.13,162.13,-0.0045760446,148,37888,0.087890625,13.165418,4921,0.5447632670402527,21.44629669189453
4768,0.5381124,0.001887317,158.37,158.37,-0.0052604964,149,38144,0.06367187,8.789268,5965,0.41740310192108154,21.498635053634644
4800,0.54524046,0.0008439353,149.6,149.6,-0.0033297823,150,38400,0.020898437,21.232685,5651,0.49293309450149536,21.54183077812195
4832,0.5603038,0.0008595687,148.11,148.11,-0.0020173904,151,38656,0.022265624,5.8526464,6046,0.6558622419834137,21.58742880821228
4864,0.54623294,0.001185609,144.58,144.58,-0.003526785,152,38912,0.042382814,17.824831,5962,0.2597900629043579,21.630111932754517
4896,0.49829498,0.001407251,139.03,139.03,-0.0030000675,153,39168,0.04472656,29.754498,6073,0.15149056911468506,21.673367023468018
4928,0.51135224,0.0053146845,139.03,139.03,-0.012938479,154,39424,0.21132812,0.010690625,6073,0.9726120848208666,21.715844869613647
4960,0.5703522,0.0015007204,137.26,137.26,-7.447591e-05,155,39680,0.023046875,9.785879,5780,0.12476092576980591,21.758311986923218
4992,0.58871907,0.0011132241,136.31,136.31,0.00043458858,156,39936,0.024023438,10.594759,5694,0.08066350221633911,21.802894830703735
5024,0.5598532,0.00038044277,135.12,135.12,2.363529e-05,157,40192,0.00234375,16.60561,69,0.21455132961273193,21.84820294380188
5056,0.58379316,0.0010766254,134.86,134.86,-0.0018086713,158,40448,0.030273438,7.5865493,5712,0.5200707912445068,25.528730869293213
5088,0.59331125,0.0014190071,135.6,135.6,-0.00080501166,159,40704,0.046289064,5.0362296,6151,0.5756222307682037,25.57390284538269
5120,0.54272836,0.0018456302,136.64,136.64,-0.0070728236,160,40960,0.05234375,15.361557,5904,0.4128778576850891,25.615840911865234
5152,0.54436064,0.0007989961,137.5,137.5,-0.002387766,161,41216,0.021289062,17.995129,5577,0.21308988332748413,25.659551858901978
5184,0.54028976,0.0014692878,138.11,138.11,-0.0010708708,162,41472,0.05234375,4.153703,5670,0.36443668603897095,25.70577311515808
5216,0.5598067,0.0018795813,138.89,138.89,-0.0032777146,163,41728,0.063085936,6.7162156,5760,0.56171515583992,25.75122880935669
5248,0.5444654,0.013092121,138.89,138.89,-0.031379323,164,41984,0.4248047,0.026419152,5679,0.8388031125068665,25.795962810516357
5280,0.55131745,0.035653707,138.89,138.89,-0.045380928,165,42240,0.6382812,0.018148098,5424,0.9324918016791344,25.841367959976196
5312,0.55851984,0.013322266,138.89,138.89,-0.023848524,166,42496,0.41816407,0.014579806,6069,0.9045211002230644,25.88885188102722
5344,0.50914824,0.027258422,138.89,138.89,-0.033429872,167,42752,0.5517578,0.0076650777,5838,0.9480991400778294,25.93130898475647
5376,0.51429164,0.0039263517,140.59,140.59,-0.0002894592,168,43008,0.19023438,11.508845,6075,0.002211630344390869,25.975472927093506
5408,0.5155755,0.006914375,140.59,140.59,-0.016343663,169,43264,0.30039063,0.0029350657,5996,0.8655993938446045,26.01791787147522
5440,0.52449,0.0032425136,140.59,140.59,-0.0062710606,170,43520,0.14765625,0.0029304943,6053,0.8667089343070984,26.060903787612915
5472,0.4943797,0.0016164158,139.54,139.54,-0.0011704045,171,43776,0.059765626,7.3530235,6068,-0.0017436742782592773,26.1035258769989
5504,0.5289749,0.0027746435,139.54,139.54,-0.008368683,172,44032,0.13886718,0.0042462745,5988,0.8411665558815002,26.145991802215576
5536,0.5024913,0.0034019377,139.54,139.54,-0.009296095,173,44288,0.16464844,0.0013645727,6205,0.8477133363485336,26.189090967178345
5568,0.52185524,0.0007496256,142.91,142.91,-0.00092058256,174,44544,0.021679688,9.152853,6006,-0.00439000129699707,26.23067593574524
5600,0.49424547,0.0006113165,145.7,145.7,-0.0023917342,175,44800,0.019726563,23.286682,5798,0.008156955242156982,26.27357292175293
5632,0.49638206,0.00010027377,152.98,152.98,0.00021562981,176,45056,0.0,20.853842,5500,-0.005462765693664551,26.31804895401001
5664,0.49437356,0.0015423056,159.75,159.75,-0.0038591246,177,45312,0.08105469,23.303028,6069,-0.0021554231643676758,26.36490797996521
5696,0.4822699,0.0039893882,159.75,159.75,-0.008974097,178,45568,0.2171875,0.0015834008,6217,0.8144122362136841,26.407388925552368
5728,0.4932391,0.00024678544,162.75,162.75,-0.0005543349,179,45824,0.0060546873,11.108539,6018,-0.002234339714050293,26.44888186454773
5760,0.51023805,0.0052202106,162.75,162.75,-0.012173432,180,46080,0.26503906,0.0009015417,6250,0.8848256543278694,26.49169898033142
5792,0.47641435,0.0033644934,162.75,162.75,-0.008837294,181,46336,0.1578125,0.0013207502,5832,0.8953733220696449,26.532979011535645
5824,0.4834209,0.001676731,162.75,162.75,-0.006797725,182,46592,0.08300781,0.0009544706,5750,0.7228647172451019,26.577147960662842
5856,0.45811114,0.0034654248,162.75,162.75,-0.006777306,183,46848,0.16230468,0.0005868735,6010,0.9114396274089813,26.622020721435547
5888,0.44824272,0.001932217,162.75,162.75,-0.002523678,184,47104,0.11425781,0.00052722346,6062,0.8260539770126343,26.6649169921875
5920,0.44119295,0.0021178732,162.75,162.75,-0.004198399,185,47360,0.12382813,0.00048695196,6238,0.9373117238283157,26.70746898651123
5952,0.4456016,0.003474292,162.75,162.75,-0.0065338886,186,47616,0.17890625,0.0004787427,5943,0.8050059825181961,26.74885892868042
5984,0.42744422,0.004069391,162.75,162.75,-0.0072170356,187,47872,0.20585938,0.00037238785,4265,0.8749558478593826,26.792223930358887
6016,0.41642708,0.0015913334,162.75,162.75,-0.0043499796,188,48128,0.06367187,0.00029154486,5444,0.9065907225012779,26.85270595550537
6048,0.4283716,0.0016374683,166.25,166.25,-0.003778854,189,48384,0.088085935,11.872784,5805,0.0021498799324035645,26.90008807182312
6080,0.4166068,0.00067213026,169.33,169.33,-0.0009835934,190,48640,0.03984375,11.804301,6282,0.00556492805480957,26.9444899559021
6112,0.41715804,0.0011688594,176.0,176.0,-0.0014472489,191,48896,0.06367187,23.494719,5717,0.005835831165313721,26.985565900802612
6144,0.45180377,0.0018022174,182.97,182.97,-0.0027982155,192,49152,0.08046875,23.238907,6057,0.013471364974975586,27.030638694763184
6176,0.47002286,0.0013901503,186.51,186.51,-0.0028149437,193,49408,0.07675781,11.549656,5904,0.0005519986152648926,27.073205947875977
6208,0.46609202,0.00010171174,190.26,190.26,-0.0001242443,194,49664,0.0005859375,11.467661,6242,0.024718940258026123,27.116867780685425
6240,0.4533166,0.009603899,190.26,190.26,-0.012791264,195,49920,0.31933594,0.0015634574,5787,0.9559136517345905,27.15815496444702
6272,0.43452877,0.00484634,190.26,190.26,-0.0076278173,196,50176,0.19882813,0.0012480122,32,0.9265357479453087,27.202763080596924
6304,0.42235225,0.003376731,190.26,190.26,-0.0053007402,197,50432,0.17832032,0.0008936459,5892,0.9641783609986305,35.01784300804138
6336,0.40739006,0.0043244963,190.26,190.26,-0.006067088,198,50688,0.184375,0.00092458364,6032,0.9754304066300392,35.061609983444214
6368,0.43123126,0.00122962,190.26,190.26,-0.0019245604,199,50944,0.069726564,0.0010131383,6111,0.9770672637969255,35.10432195663452
6400,0.43540597,0.00091158005,190.26,190.26,-0.0018351317,200,51200,0.046875,0.0010311243,6159,0.9670703075826168,35.146535873413086
6432,0.43669525,0.0036864735,190.26,190.26,-0.0061516026,201,51456,0.18652344,0.0013548728,6291,0.976505609229207,35.18837881088257
6464,0.42927092,0.00038782612,190.26,190.26,-0.00036320477,202,51712,0.017578125,0.0027931172,6041,0.9579110741615295,35.229347705841064
6496,0.40955597,0.0013577614,190.26,190.26,-0.0045862854,203,51968,0.09335937,0.0025971222,6319,0.9287692010402679,35.27202391624451
6528,0.4082151,0.0009140268,190.26,190.26,-0.0021188918,204,52224,0.059570312,0.002566866,6212,0.9675643220543861,35.31287884712219
6560,0.4079919,0.00059542904,194.3,194.3,-0.00058134506,205,52480,0.027539063,11.600975,6252,-0.006899237632751465,35.35438895225525
6592,0.41938877,0.00015286976,198.21,198.21,-0.0008447605,206,52736,0.00859375,11.688583,6208,-0.017284512519836426,35.39565110206604
6624,0.43035054,0.0001880715,206.04,206.04,-0.0011915362,207,52992,0.0068359375,21.89477,6356,0.010360538959503174,35.43717980384827
6656,0.42345625,0.0016186904,217.1,217.1,-0.0030496167,208,53248,0.08730469,27.161459,6010,0.022399842739105225,35.47776198387146
6688,0.4267459,0.000732631,217.1,217.1,-0.001012149,209,53504,0.050585937,0.0038418293,6052,0.9833868406713009,35.52065992355347
6720,0.44817334,0.0009045522,221.07,221.07,-0.0007726231,210,53760,0.059179686,10.94369,6446,0.0850602388381958,35.56329584121704
6752,0.44127417,0.0011273178,221.07,221.07,-0.0026804016,211,54016,0.07070313,0.0012539325,6270,0.9769932236522436,35.60332274436951
6784,0.44131002,0.0006702443,221.07,221.07,-0.001353652,212,54272,0.031445313,0.0015839817,6320,0.9707607571035624,35.64445185661316
6816,0.43449926,0.0003133903,221.07,221.07,-0.0022110734,213,54528,0.019335937,0.001575108,6298,0.9771734327077866,35.685274839401245
6848,0.4419745,0.0014922501,221.07,221.07,-0.00468093,214,54784,0.11230469,0.0018437067,6308,0.9303951486945152,35.72622489929199
6880,0.43471536,0.001143874,221.07,221.07,-0.001544671,215,55040,0.07148437,0.0015500127,6281,0.9555073231458664,35.76708984375
6912,0.41334614,0.0013254822,221.07,221.07,-0.0026809704,216,55296,0.07070313,0.0016764116,6385,0.9540188498795033,35.80812478065491
6944,0.4174018,0.0005668147,221.07,221.07,-0.0013537001,217,55552,0.030859375,0.0016256465,6352,0.9705819115042686,35.84854078292847
6976,0.3880008,0.0011255748,221.07,221.07,-0.0023321125,218,55808,0.06289063,0.0014951362,6269,0.9221586361527443,35.88914489746094
7008,0.39025575,0.0009626956,221.07,221.07,-0.002753669,219,56064,0.06796875,0.0008535492,6362,0.9602496102452278,35.93030405044556
7040,0.38264057,0.00061131147,225.07,225.07,-0.0003773338,220,56320,0.034765624,11.717831,6285,0.0009490251541137695,35.97085094451904
7072,0.37155843,0.0010922621,225.07,225.07,-0.0047504418,221,56576,0.07929687,0.0009909031,6254,0.9846611907705665,36.01185584068298
7104,0.32815382,0.0008773759,236.49,236.49,-0.001279878,222,56832,0.06171875,33.913155,6261,0.012825250625610352,36.053088903427124
7136,0.3340525,0.00011178189,240.19,240.19,-0.0007012127,223,57088,0.0056640627,11.663955,6221,0.02028733491897583,36.094242095947266
7168,0.3545899,0.00013595732,247.84,247.84,-0.000325489,224,57344,0.0087890625,23.226767,6177,0.011469542980194092,36.135668992996216
7200,0.37058777,0.0003574998,247.84,247.84,-0.0014464257,225,57600,0.025390625,0.0008361664,6274,0.974063565954566,36.17745590209961
7232,0.3767684,0.0040331148,252.39,252.39,-0.0028881617,226,57856,0.22285156,7.2476068,6309,0.014388322830200195,36.21857190132141
7264,0.36490205,0.0015250398,252.39,252.39,-0.0037805445,227,58112,0.106054686,0.0016249327,6048,0.9288363233208656,36.259459018707275
7296,0.3514882,0.0013187602,252.39,252.39,-0.0041275476,228,58368,0.10410156,0.0012406141,5946,0.9779891688376665,36.30207800865173
7328,0.36878517,0.0005784077,252.39,252.39,-0.0014149313,229,58624,0.039648436,0.0019202493,6265,0.9796453546732664,36.345425844192505
7360,0.3475711,0.00066750235,252.39,252.39,-0.0025177684,230,58880,0.0515625,0.002802527,6318,0.9649658761918545,36.386595726013184
7392,0.34934387,0.0009163371,252.39,252.39,-0.001953175,231,59136,0.06367187,0.0020576399,6368,0.93389692902565,36.427390813827515
7424,0.34107703,0.0013840065,252.39,252.39,-0.0031399697,232,59392,0.11074219,0.0011272167,6334,0.9559644386172295,36.46787095069885
7456,0.32680267,0.0010977477,252.39,252.39,-0.0021948996,233,59648,0.10410156,0.00077879796,6438,0.9416574984788895,36.50860786437988
7488,0.3382925,0.00075953675,252.39,252.39,-0.001438379,234,59904,0.072460935,0.0005400914,6040,0.9538753777742386,36.54871606826782
7520,0.33992615,0.0019706646,252.39,252.39,-0.0057677324,235,60160,0.15449218,0.0006799621,31,0.9347420334815979,36.59138894081116
7552,0.34086126,0.00019458248,256.07,256.07,0.00024320562,236,60416,0.0025390624,11.839799,6152,-0.0018008947372436523,44.65312194824219
7584,0.33524793,0.0015648792,259.99,259.99,-0.0025521372,237,60672,0.1171875,11.803626,6231,-0.0018082857131958008,44.695032835006714
7616,0.34113652,0.0007191087,268.0,268.0,-0.00062485854,238,60928,0.055273436,23.365416,5932,0.01553422212600708,44.736371994018555
7648,0.34077758,0.0007553665,276.39,276.39,-0.001586765,239,61184,0.07851563,23.006042,5232,0.028884828090667725,44.77984309196472
7680,0.3378821,0.0011013101,280.07,280.07,-0.0011673548,240,61440,0.08515625,10.660952,5983,0.012294769287109375,44.829078912734985
7712,0.33982378,0.0006774277,284.41,284.41,-0.000428663,241,61696,0.06503906,11.295807,5840,0.05136007070541382,44.872183084487915
7744,0.35273966,0.0011638573,284.41,284.41,-0.0035096344,242,61952,0.11054687,0.0018273272,5953,0.9578493870794773,44.91633200645447
7776,0.35113257,0.00038911373,284.41,284.41,-0.0015084103,243,62208,0.040039062,0.0015803834,6231,0.9565234482288361,44.95965385437012
7808,0.3513459,0.0012089197,284.41,284.41,-0.004355534,244,62464,0.102148436,0.0015451624,6111,0.8905573263764381,45.001049757003784
7840,0.32358143,0.0009866976,284.41,284.41,-0.003642954,245,62720,0.10292969,0.0015079443,6107,0.9664105921983719,45.04327607154846
7872,0.32267314,0.0005859869,284.41,284.41,-0.001177279,246,62976,0.05390625,0.0013526512,5880,0.9629701636731625,45.08549404144287
7904,0.3130061,0.00083067716,284.41,284.41,-0.0039725658,247,63232,0.09667969,0.0013312491,5745,0.8871193826198578,45.12936186790466
7936,0.33124635,0.00042817026,284.41,284.41,-0.0013113942,248,63488,0.048046876,0.0007831021,5589,0.9800153821706772,45.174232721328735
7968,0.3143538,0.0003125479,284.41,284.41,-0.0014255068,249,63744,0.034375,0.00086537766,5802,0.954300981014967,45.220433950424194
8000,0.29551572,0.00043235612,284.41,284.41,-0.0019170518,250,64000,0.044140626,0.00069603894,5572,0.925139307975769,45.26484203338623
8032,0.3015558,0.0016749684,284.41,284.41,-0.0044285073,251,64256,0.12011719,0.0005218135,5938,0.9498141929507256,45.31112194061279
8064,0.29261595,0.0007113639,288.28,288.28,-0.0012533983,252,64512,0.05683594,11.61751,5862,-0.0013610124588012695,45.35455584526062
8096,0.2987913,0.0013024724,292.85,292.85,-0.00267614,253,64768,0.11171875,11.993383,5602,-0.004103660583496094,45.39855098724365
8128,0.3144334,0.00043304154,304.94,304.94,-0.0008862621,254,65024,0.027929688,28.163105,5769,0.00019478797912597656,45.44455599784851
8160,0.30980995,0.0003886575,312.49,312.49,-0.00089608226,255,65280,0.03261719,23.776535,5864,0.009166359901428223,45.48926591873169
8192,0.30306596,0.0041560424,312.49,312.49,-0.008624693,256,65536,0.22128907,0.00063894544,6269,0.9493927396833897,45.5332248210907
8224,0.2978659,0.0013363478,316.35,316.35,-0.0017217945,257,65792,0.10800781,11.774508,6232,0.009367406368255615,45.57433605194092
8256,0.30351478,0.014069634,316.35,316.35,-0.012865616,258,66048,0.30625,0.00068076816,6109,0.9485207200050354,45.6157329082489
8288,0.31112987,0.0074364888,316.35,316.35,-0.0072735325,259,66304,0.26875,0.0006494289,6153,0.9547640569508076,45.657930850982666
8320,0.29822475,0.00039976812,317.09,317.09,-0.00044165243,260,66560,0.037890624,11.9906025,6096,-0.007719755172729492,45.69984793663025
8352,0.30524427,0.00015340539,317.09,317.09,-0.0010901601,261,66816,0.0140625,0.0009775718,6227,0.9712998010218143,45.742140769958496
8384,0.30120477,9.019077e-05,317.59,317.59,4.0767434e-05,262,67072,0.0060546873,11.912095,6061,0.012178003787994385,45.78359293937683
8416,0.3123716,0.00052536605,317.59,317.59,-0.0012625491,263,67328,0.06796875,0.000370851,6327,0.7344421446323395,45.82614302635193
8448,0.2876224,0.00034736557,319.07,319.07,-0.00023483936,264,67584,0.04121094,11.968392,6377,0.0044640302658081055,45.866896867752075
8480,0.2930231,0.00017077249,319.07,319.07,-0.0013922432,265,67840,0.018554688,0.00033572334,6167,0.9705093652009964,45.907336950302124
8512,0.27714434,0.00025196586,322.26,322.26,-0.00065299234,266,68096,0.031445313,11.790928,6327,0.007028162479400635,45.94912099838257
8544,0.29827726,0.0005170178,324.68,324.68,-0.003111328,267,68352,0.051367186,11.3357935,6034,0.0058588385581970215,45.98991584777832
8576,0.29476994,0.0002072211,325.85,325.85,-0.0011892867,268,68608,0.028125,11.890062,6206,0.010730206966400146,46.03266096115112
8608,0.28464776,9.636377e-05,337.23,337.23,-0.00022536519,269,68864,0.0109375,23.891455,6040,0.007775723934173584,46.074254751205444
8640,0.29745767,0.00015071954,337.23,337.23,-0.00073585263,270,69120,0.014453125,0.00038280676,6271,0.8826366364955902,46.116933822631836
8672,0.32295448,0.00014764142,337.23,337.23,-0.000947007,271,69376,0.015820313,0.00020862135,6181,0.9365909621119499,46.158058881759644
8704,0.30897626,0.0001760009,338.3,338.3,-0.0008370491,272,69632,0.024023438,11.764745,6320,0.023077547550201416,46.19978189468384
8736,0.29816192,0.0002865745,338.3,338.3,-0.0017326304,273,69888,0.04140625,0.0005501005,6534,0.8874236419796944,46.24054789543152
8768,0.3133041,0.002106335,338.3,338.3,-0.003308755,274,70144,0.15703125,0.00052468694,31,0.9350991696119308,46.27999210357666
8800,0.31457543,0.0005028426,339.05,339.05,-0.00210359,275,70400,0.07324219,12.084993,6179,-0.010736942291259766,54.30302596092224
8832,0.32371753,0.0001889711,342.1,342.1,-0.00051099295,276,70656,0.032226562,11.764818,5887,0.026086032390594482,54.3447539806366
8864,0.2882016,0.0006222607,343.47,343.47,-0.0015041914,277,70912,0.054101564,11.828398,5668,0.018272221088409424,54.38855600357056
8896,0.30861214,0.0028633047,343.47,343.47,-0.0035533335,278,71168,0.20390625,0.0010330764,5315,0.7774768173694611,54.434037923812866
8928,0.30537763,0.0032542278,343.47,343.47,-0.0042696833,279,71424,0.21015625,0.0013914407,5992,0.8980277702212334,54.482502937316895
8960,0.31152618,0.0030862684,343.47,343.47,-0.0021547466,280,71680,0.19140625,0.0012057383,6081,0.8107491731643677,54.525554895401
8992,0.32141453,0.0009202756,346.94,346.94,-0.0013743332,281,71936,0.115234375,12.049525,5865,-0.010595083236694336,54.56794500350952
9024,0.30067006,0.0001987654,352.4,352.4,-0.000819459,282,72192,0.03652344,24.10409,5456,-0.01136791706085205,54.611900806427
9056,0.3166018,0.00057937147,352.4,352.4,-0.0011522901,283,72448,0.103710935,0.00036959763,5648,0.9407012090086937,54.659157037734985
9088,0.31699368,0.00023450024,359.0,359.0,-0.0004741568,284,72704,0.037109375,24.051723,6059,-0.007543683052062988,54.70477795600891
9120,0.32085988,0.0014218682,359.0,359.0,-0.0027010124,285,72960,0.13242188,0.0003860072,6120,0.9522755518555641,54.7473418712616
9152,0.29966015,0.0002522927,359.0,359.0,-0.000977547,286,73216,0.046289064,0.0003481543,6202,0.9454283341765404,54.78947401046753
9184,0.3117377,0.00053569896,359.0,359.0,-0.0019788868,287,73472,0.09492187,0.0002868055,6378,0.8888541832566261,54.831076860427856
9216,0.31097677,0.00023258207,359.0,359.0,-0.0006775198,288,73728,0.03984375,0.0002750166,6364,0.9509672559797764,54.87147903442383
9248,0.29950827,0.0004995593,359.0,359.0,-0.0015827641,289,73984,0.06738281,0.00025356092,6166,0.9127502217888832,54.91195893287659
9280,0.29325762,0.00058545347,359.0,359.0,-0.0013367997,290,74240,0.11171875,0.00023991878,4889,0.9510350152850151,54.953821897506714
9312,0.29544458,0.00015043298,362.38,362.38,-0.00065218174,291,74496,0.03359375,12.082067,6335,-0.008738875389099121,55.00647497177124
9344,0.29416323,0.00020329267,369.21,369.21,-0.00082365994,292,74752,0.0453125,23.91598,6309,-0.0005344152450561523,55.04716181755066
9376,0.28596407,9.99929e-05,369.21,369.21,-0.00030424548,293,75008,0.023828125,0.0004818014,6051,0.9563668109476566,55.08800292015076
9408,0.32205343,0.00023307916,369.21,369.21,-0.0012158056,294,75264,0.05546875,0.00021140995,5779,0.9037499576807022,55.13066291809082
9440,0.30602288,0.00035979436,369.21,369.21,-0.0009641692,295,75520,0.068359375,0.00020528534,5864,0.9459332413971424,55.17525792121887
9472,0.2900876,0.00026211105,369.21,369.21,-0.0014609469,296,75776,0.06171875,0.00017391439,5361,0.9362115934491158,55.21926188468933
9504,0.29545864,0.00029557646,373.05,373.05,-0.00057085167,297,76032,0.059765626,12.089144,5756,-0.006707668304443359,55.26733899116516
9536,0.28773898,0.00058804534,379.1,379.1,-0.001251233,298,76288,0.07773437,24.059307,5364,-0.0008562803268432617,55.31213688850403
9568,0.29752105,0.00016223571,379.1,379.1,-0.0013842992,299,76544,0.045898438,0.00020826243,5761,0.9717041812837124,55.3602409362793
9600,0.30042952,0.0002510785,386.36,386.36,-0.0011895143,300,76800,0.055664062,23.858343,5408,-0.003593921661376953,55.405006885528564
9632,0.29125378,0.00035869607,386.36,386.36,-0.0017762736,301,77056,0.096875,0.000110034285,6036,0.9732924569398165,55.45265293121338
9664,0.29887933,0.0001292956,386.36,386.36,-0.0012686516,302,77312,0.03339844,0.00016519609,6253,0.805538684129715,55.4953830242157
9696,0.28791398,8.356768e-05,386.36,386.36,-0.0004111487,303,77568,0.020703126,4.341403e-05,6361,0.9456682056188583,55.53664994239807
9728,0.29933798,0.00032987472,386.36,386.36,-0.0014316629,304,77824,0.078125,4.7372385e-05,5324,0.9603488706052303,55.57723069190979
9760,0.27898788,0.0003643315,386.36,386.36,-0.0020661738,305,78080,0.084375,5.238125e-05,5997,0.9496056437492371,55.62566590309143
9792,0.2695911,0.00018611882,386.36,386.36,-0.0011036313,306,78336,0.05703125,4.1465406e-05,6446,0.9091491252183914,55.668659925460815
9824,0.2650221,0.0002406456,393.13,393.13,-0.0007670511,307,78592,0.05683594,23.150948,6473,-0.0019404888153076172,55.708651065826416
9856,0.26034153,2.2777283e-05,396.89,396.89,-0.0006850921,308,78848,0.0068359375,12.079851,6506,-4.482269287109375e-05,55.74847483634949
9888,0.26959357,0.00039426977,396.89,396.89,-0.0011983385,309,79104,0.099804685,0.00018381805,6451,0.933581531047821,55.78810906410217
9920,0.26949126,3.9462222e-05,396.89,396.89,-0.00035701034,310,79360,0.009179687,8.19848e-05,6386,0.9172239974141121,55.82809591293335
9952,0.25958094,8.270614e-05,396.89,396.89,-0.000692929,311,79616,0.030078124,2.6756123e-05,6387,0.9468973353505135,55.868464946746826
9984,0.24680655,0.00017912877,396.89,396.89,-0.00086337264,312,79872,0.039648436,3.5596e-05,6345,0.9023360460996628,55.90878891944885
10016,0.25521362,6.986187e-05,404.05,404.05,-9.6101874e-05,313,80128,0.0234375,23.115597,34,0.0011875629425048828,55.94940185546875
10048,0.24252674,0.0003262004,407.28,407.28,-0.0011209773,314,80384,0.10800781,7.5239286,6171,0.0005180239677429199,63.47556686401367
10080,0.25215515,1.6726546e-05,413.94,413.94,2.1193153e-05,315,80640,0.0013671875,24.079815,6335,0.0011200904846191406,63.51732683181763
10112,0.2590098,0.00075915875,413.94,413.94,-0.0018891826,316,80896,0.18496093,0.00014589312,6390,0.9446246959269047,63.55798602104187
10144,0.26090562,0.000112331516,413.94,413.94,-0.0007174343,317,81152,0.0421875,0.00013249966,6355,0.895857036113739,63.59828567504883
10176,0.2692189,0.0001894287,413.94,413.94,-0.0008908892,318,81408,0.0578125,6.456858e-05,6379,0.8434850126504898,63.63882899284363
10208,0.27359584,0.00010173451,413.94,413.94,-0.00049141963,319,81664,0.04511719,6.9026515e-05,6345,0.9171562269330025,63.67921209335327
10240,0.26693705,5.7609384e-05,413.94,413.94,-0.00026539926,320,81920,0.024023438,5.8194895e-05,6379,0.8505434691905975,63.71980595588684
10272,0.25073943,6.091005e-05,413.94,413.94,-0.0003875009,321,82176,0.018554688,5.376344e-05,6427,0.9041648805141449,63.76018404960632
10304,0.2758448,5.044433e-05,417.65,417.65,-0.00054281624,322,82432,0.018359374,12.085634,6432,-0.002409219741821289,63.80025386810303
10336,0.2614009,0.0002452971,421.43,421.43,-0.0003614978,323,82688,0.10410156,12.055704,6305,0.00021755695343017578,63.84036684036255
10368,0.2634259,7.986728e-05,424.94,424.94,-0.00011241236,324,82944,0.03652344,11.659678,6391,-0.0016940832138061523,63.88127779960632
10400,0.27445528,0.00017805581,424.94,424.94,-0.00095661235,325,83200,0.08515625,0.00016635298,6403,0.9305743649601936,63.92160677909851
10432,0.25454205,3.2333122e-05,424.94,424.94,-0.00039145024,326,83456,0.017578125,0.00014742016,6446,0.8643496036529541,63.961902141571045
10464,0.26235935,0.0001131491,424.94,424.94,-0.00071164774,327,83712,0.060546875,6.0508133e-05,6304,0.8943804576992989,64.00189113616943
10496,0.25728863,0.00010825599,428.89,428.89,-0.0003284066,328,83968,0.05683594,12.023176,6390,0.005363106727600098,64.04279088973999
10528,0.2662309,4.73756e-05,436.96,436.96,-0.00012314678,329,84224,0.019726563,24.104141,6419,-0.0008287429809570312,64.08312606811523
10560,0.26228228,2.8926215e-05,436.96,436.96,-0.00028289668,330,84480,0.013085937,0.0001506662,6435,0.9359443113207817,64.1232979297638
10592,0.27952215,4.9789473e-05,443.69,443.69,-7.851971e-05,331,84736,0.02578125,24.076141,6243,-0.0022003650665283203,64.16335797309875
10624,0.26044244,0.00012851108,443.69,443.69,-0.00068826356,332,84992,0.075976565,9.806101e-05,6140,0.9461103565990925,64.20462989807129
10656,0.24833663,5.4327993e-05,443.69,443.69,-0.00039371388,333,85248,0.035351563,9.487932e-05,6328,0.8410202264785767,64.2465877532959
10688,0.26075432,4.8272803e-05,443.69,443.69,-0.000261316,334,85504,0.035546876,7.655433e-05,6416,0.9554802738130093,64.28730392456055
10720,0.266008,7.7270124e-05,443.69,443.69,-0.00065965403,335,85760,0.046484374,7.306188e-05,6416,0.9076961055397987,64.32751369476318
10752,0.2663907,4.5592795e-05,443.69,443.69,-0.00031053828,336,86016,0.025390625,8.2486935e-05,6444,0.8838228732347488,64.36766695976257
10784,0.27167383,5.2013515e-05,443.69,443.69,-0.00026854355,337,86272,0.0390625,6.586961e-05,6391,0.9204097613692284,64.40764594078064
10816,0.2548844,9.3565024e-05,446.59,446.59,-0.0006253578,338,86528,0.040039062,12.057253,6384,0.0006728172302246094,64.44796991348267
10848,0.26650137,0.00019481985,451.32,451.32,-0.0008203881,339,86784,0.091601565,23.521019,6416,-0.0005720853805541992,64.48834991455078
10880,0.26509544,0.00017622135,451.32,451.32,-0.00097615423,340,87040,0.08984375,8.769675e-05,6430,0.9128364399075508,64.52850580215454
10912,0.27531573,6.8418034e-05,451.32,451.32,-0.00013255337,341,87296,0.06015625,0.00011483595,6363,0.9145613238215446,64.56860280036926
10944,0.25328177,3.054303e-05,451.32,451.32,-0.00022328862,342,87552,0.026171874,6.821651e-05,6491,0.823980525135994,64.60908007621765
10976,0.24678528,3.4740842e-05,451.32,451.32,-0.00046797207,343,87808,0.031640626,4.985163e-05,6383,0.8715877383947372,64.64882206916809
11008,0.24749482,2.736994e-05,454.13,454.13,-0.00013508512,344,88064,0.028710937,12.066823,6420,0.00015622377395629883,64.68923377990723
11040,0.27108738,7.0616596e-05,460.84,460.84,-0.0003419935,345,88320,0.06289063,23.806185,6474,0.0010357499122619629,64.72939085960388
11072,0.25983912,2.9943023e-06,460.84,460.84,1.1513429e-05,346,88576,0.0,7.772494e-05,6285,0.9380081407725811,64.76923704147339
11104,0.2619496,4.1245767e-05,467.17,467.17,-0.0003063521,347,88832,0.04941406,22.432516,6421,0.0003380775451660156,64.81027793884277
11136,0.2581307,9.504527e-05,467.17,467.17,-0.0009014111,348,89088,0.068359375,8.929528e-05,6207,0.7174268364906311,64.85045194625854
11168,0.25824234,4.7939262e-05,467.17,467.17,-0.0003990293,349,89344,0.050390624,7.487381e-05,6444,0.7019861936569214,64.89199090003967
11200,0.27676654,3.501084e-05,467.17,467.17,-0.0003660087,350,89600,0.050195314,6.1356855e-05,6318,0.8518093973398209,64.93196892738342
11232,0.27692914,1.8593033e-05,467.17,467.17,-0.00019147634,351,89856,0.022070313,7.421664e-05,6393,0.8945487886667252,64.97276997566223
11264,0.27478197,0.00013227615,467.17,467.17,-0.00072348234,352,90112,0.12402344,5.218859e-05,34,0.8847106620669365,65.01308798789978
11296,0.27686232,1.9092126e-05,467.17,467.17,-0.0002043542,353,90368,0.028515626,6.985951e-05,5948,0.8634171038866043,72.36909174919128
11328,0.26290208,2.4521509e-05,473.35,473.35,-0.0001050321,354,90624,0.03769531,16.76308,5731,-8.90493392944336e-05,72.41243386268616
11360,0.2665531,8.02817e-06,473.35,473.35,-3.5760655e-05,355,90880,0.009570313,12.0716715,5760,0.0011693835258483887,72.4574327468872
11392,0.29161954,1.3572036e-05,473.35,473.35,-0.00014542497,356,91136,0.017578125,8.919503e-05,6155,0.9240051731467247,72.50234174728394
11424,0.2685184,2.5607485e-05,473.35,473.35,-0.00019219556,357,91392,0.041992188,0.000111024594,6219,0.874199166893959,72.54425382614136
11456,0.2676227,2.7042033e-05,473.35,473.35,-0.00033295443,358,91648,0.059765626,0.00010193924,6315,0.8903877660632133,72.58574271202087
11488,0.2657873,1.5450692e-05,473.35,473.35,-0.00018445388,359,91904,0.0328125,6.0343747e-05,6399,0.8668744266033173,72.62659573554993
11520,0.2626688,2.3369481e-05,477.0,477.0,-0.00013650763,360,92160,0.04375,28.861883,6334,-0.00014734268188476562,72.666916847229
11552,0.2795933,9.842497e-06,477.0,477.0,-0.0001663831,361,92416,0.019335937,6.1910105e-05,6183,0.9440626762807369,72.70759606361389
11584,0.29153988,1.2898946e-05,477.0,477.0,-0.00026251515,362,92672,0.021679688,24.127932,6353,0.00027507543563842773,72.7492527961731
11616,0.27141392,6.0391567e-06,477.0,477.0,-5.7203066e-05,363,92928,0.008203125,0.00012722636,6410,0.8789837136864662,72.7898178100586
11648,0.257932,4.172192e-05,477.0,477.0,-0.00041122892,364,93184,0.07910156,6.548054e-05,6362,0.8315162360668182,72.83006596565247
11680,0.25302354,6.997867e-06,477.0,477.0,-0.0002322734,365,93440,0.024414062,8.710819e-05,6341,0.908779688179493,72.87058997154236
11712,0.27599773,8.0015525e-06,477.0,477.0,-0.0001556101,366,93696,0.029882813,0.0001315313,6521,0.8902310281991959,72.91124987602234
11744,0.27724913,2.912588e-05,477.0,477.0,-0.00037354138,367,93952,0.09023438,0.00022975783,6440,0.9570646695792675,72.95075988769531
11776,0.25880143,2.4162076e-05,474.59,474.59,-0.0001884372,368,94208,0.072460935,10.280504,6408,0.01099330186843872,72.99079179763794
11808,0.26626927,1.3785182e-05,474.59,474.59,-7.5642674e-05,369,94464,0.054101564,12.10425,6471,-0.001865386962890625,73.03102588653564
11840,0.24860208,3.310933e-05,474.59,474.59,-0.0002524672,370,94720,0.058398437,12.025473,6392,0.006554305553436279,73.07084083557129
11872,0.27268988,3.763063e-05,474.59,474.59,-0.00046788115,371,94976,0.12128906,9.278999,6384,0.0007045865058898926,73.11117100715637
11904,0.26231858,5.8318423e-05,474.59,474.59,-0.00037889942,372,95232,0.16035156,7.0343194e-05,6261,0.868652418255806,73.15154981613159
11936,0.27425724,9.629422e-06,474.59,474.59,-0.00013708122,373,95488,0.03691406,0.00012552341,6318,0.8954373970627785,73.19270992279053
11968,0.25961316,9.476547e-06,474.59,474.59,-9.33383e-05,374,95744,0.075976565,0.00013710678,6430,0.9237973466515541,73.23348188400269
12000,0.26761368,6.739289e-06,474.59,474.59,-0.00013234782,375,96000,0.0578125,0.00015687487,6402,0.9217018112540245,73.27357482910156
12032,0.24974899,1.0361903e-05,474.59,474.59,-0.00032583924,376,96256,0.08203125,24.177616,6136,-0.0006954669952392578,73.31384587287903
12064,0.26815292,1.5404852e-05,474.59,474.59,-0.00016904964,377,96512,0.10507812,9.1142385e-05,6424,0.9353610426187515,73.35589671134949
12096,0.28378433,3.7417653e-06,474.59,474.59,-5.4405526e-05,378,96768,0.0578125,24.078035,6491,0.0030233263969421387,73.39601588249207
12128,0.2717497,1.94215e-06,474.59,474.59,-9.029964e-05,379,97024,0.0265625,0.00012134384,6439,0.9130022078752518,73.43574714660645
12160,0.29145473,3.7584844e-06,474.59,474.59,-7.065898e-05,380,97280,0.072265625,0.0001170628,6437,0.8044267445802689,73.47579383850098
12192,0.2717935,1.1218983e-05,474.59,474.59,-0.00021583165,381,97536,0.16015625,0.00016439316,6462,0.8251118659973145,73.51585388183594
12224,0.26644862,6.8536167e-07,474.59,474.59,-2.3286697e-05,382,97792,0.01796875,0.00014111897,6260,0.7454582452774048,73.5557267665863
12256,0.26727813,1.2322496e-06,474.59,474.59,-5.4434455e-05,383,98048,0.035546876,12.082358,6206,-0.0001596212387084961,73.59690809249878
12288,0.27778214,1.3868398e-06,474.59,474.59,-7.295031e-05,384,98304,0.07167969,0.00011616035,6322,0.8707162737846375,73.6384129524231
12320,0.28424174,4.4411976e-07,474.59,474.59,-1.6252417e-05,385,98560,0.024609376,11.940437,6320,-0.002261042594909668,73.67916703224182
12352,0.27114624,9.375156e-07,474.59,474.59,-3.771833e-05,386,98816,0.078710936,19.586521,6478,0.001208186149597168,73.71994185447693
12384,0.26698563,9.426302e-07,474.59,474.59,-4.3261658e-05,387,99072,0.070898436,0.0001136334,6456,0.9435407742857933,73.75974702835083
12416,0.27980667,2.3320558e-07,474.59,474.59,-3.817249e-05,388,99328,0.059375,0.0001631524,6432,0.9305775389075279,73.79968881607056
12448,0.28431118,6.880417e-07,474.59,474.59,-3.4884084e-05,389,99584,0.19121094,0.00021887815,6519,0.7978226244449615,73.83982992172241
12480,0.2614832,2.8736872e-08,474.59,474.59,-4.4233166e-06,390,99840,0.055273436,0.00024247608,6465,0.8872636780142784,73.87937378883362
